<?xml version="1.0" encoding="UTF-8"?>
<!DOCTYPE mapper
        PUBLIC "-//mybatis.org//DTD Mapper 3.0//EN"
        "http://mybatis.org/dtd/mybatis-3-mapper.dtd">
<mapper namespace="com.yxb.dao.ActivityUserMapper">

    <select id="selectUser" parameterType="com.yxb.pojo.ActivityUser" resultType="int">
            select count(*) from tb_activity_user where activity_id=#{activityId} and username=#{username}

    </select>

    <select id="selactUsers" parameterType="java.lang.Integer" resultType="java.lang.String">
        SELECT au.username FROM `tb_activity_user` au
        where au.activity_id=#{actId}
    </select>

    <delete id="deleteTakeAct" parameterType="map">
        delete  from tb_activity_user
        where username = #{username} and activity_id = #{id}
    </delete>

    <delete id="deleteByActivityId" parameterType="java.lang.Integer">
        delete from tb_activity_user
        where activity_id = #{id}
    </delete>

    <delete id="deleteByUsername" parameterType="java.lang.String">
        delete from tb_activity_user
        where username = #{username}
    </delete>
    <select id="selActByUserName" parameterType="java.lang.String" resultType="java.lang.Integer">
        SELECT a.activity_id FROM `tb_activity_user` a
            where username = #{username}
    </select>



</mapper>