<?xml version="1.0" encoding="UTF-8"?>
<!DOCTYPE mapper
        PUBLIC "-//mybatis.org//DTD Mapper 3.0//EN"
        "http://mybatis.org/dtd/mybatis-3-mapper.dtd">
<mapper namespace="com.yxb.dao.ActivityMapper">

    <update id="updateSetStus" parameterType="com.yxb.pojo.Activity">
        UPDATE tb_activity set `status`=#{status} WHERE id=#{id}
    </update>

    <select id="selActivity" parameterType="java.lang.String" resultType="com.yxb.pojo.Activity">
        SELECT
               a.id,
               a.category_id categoryId,
               a.description ,
               a.name ,
               a.picture,
               a.address,
               a.count,
               a.max_count maxCount,
               a.min_count minCount,
               a.start_time startTime,
               a.end_time endTime,
               a.go_time goTime,
               a.username username,
               a.collection_site collectionSite

        FROM `tb_activity_user` au
        left join `tb_activity` a
        on au.activity_id = a.id
        where au.username=#{username}
    </select>

    <select id="selPicAct" parameterType="java.lang.String" resultType="com.yxb.pojo.Activity">
        select
               a.id,
               a.category_id categoryId,
               a.description,
               a.name ,
               a.picture,
               a.address,
               a.count,
               a.max_count maxCount,
               a.min_count minCount,
               a.start_time startTime,
               a.end_time endTime,
               a.go_time goTime,
               a.username username,
               a.status
            from tb_activity a where  username=#{username}
    </select>

    <select id="selectByPicActUser" resultType="com.yxb.pojo.PublicActUser">
        SELECT a.id,
			 a.category_id categoryId,
			 a.description,
			 a.`name`,
			 a.address,
			 a.count,
			 a.max_count maxCount,
			 a.min_count minCount,
			 a.start_time startTime,
			 a.end_time endTime,
			 a.go_time goTime,
			 a.username,
			 a.`status`,
			 a.cash,
			 a.picture,
             a.collection_site collectionSite,
			 u.phone ,
			 u.nick_name nickName,
			 u.user_level userLevel,
			 u.points,
			 u.sex,
			 u.head_pic headPic,
			 u.email,
			 u.role_id roleId
        FROM `tb_activity` a
        LEFT JOIN tb_user u
        on a.username=u.username
        where a.id = #{id}
   </select>

    <select id="selActId" parameterType="java.lang.String" resultType="java.lang.Integer">
        SELECT a.id FROM `tb_activity` a
            where username = #{username}
    </select>

    <select id="selByTime"  resultType="com.yxb.pojo.Activity">
        select
               a.id,
               a.category_id categoryId,
               a.description,
               a.name ,
               a.picture,
               a.address,
               a.count,
               a.max_count maxCount,
               a.min_count minCount,
               a.start_time startTime,
               a.end_time endTime,
               a.go_time goTime,
               a.create_time createTime,
               a.username username,
               a.status
            from tb_activity a
            where status="true"
            order by a.create_time desc limit 0,4
    </select>

    <select id="selByOrderCount"  resultType="com.yxb.pojo.Activity">
        select
        a.id,
        a.category_id categoryId,
        a.description,
        a.name ,
        a.picture,
        a.address,
        a.count,
        a.max_count maxCount,
        a.min_count minCount,
        a.start_time startTime,
        a.end_time endTime,
        a.go_time goTime,
        a.create_time createTime,
        a.username username,
        a.status
        from tb_activity a  where a.count &lt; a.max_count and  status="true"
        ORDER BY a.count desc
        limit 0,3

    </select>




</mapper>