<?xml version="1.0" encoding="UTF-8"?>
<!DOCTYPE mapper
        PUBLIC "-//mybatis.org//DTD Mapper 3.0//EN"
        "http://mybatis.org/dtd/mybatis-3-mapper.dtd">
<mapper namespace="com.yxb.dao.CommentMapper">
    <select id="selCommentList" parameterType="java.lang.Integer" resultType="com.yxb.pojo.Comment">
        select c.id id,
               c.comment comment,
               c.comment_pic commentPic,
               c.activity_id activityId,
               c.username username,
               c.pid pid,
               c.create_time createTime,
               u.head_pic headPic
        from tb_comment c
        left join tb_user u
        on c.username = u.username

        where  activity_id = #{actId} and pid =0 order by c.create_time desc

    </select>
    <select id="selChildCommentList" parameterType="java.lang.Integer" resultType="com.yxb.pojo.Comment">
        select c.id id,
               c.comment comment,
               c.comment_pic commentPic,
               c.activity_id activityId,
               c.username username,
               c.pid pid,
               c.create_time createTime,
               u.head_pic headPic
        from tb_comment c
        left join tb_user u
        on c.username = u.username
        where  pid = #{pid} order by c.create_time asc
    </select>

    <select id="selCommentCount" parameterType="java.lang.Integer" resultType="java.lang.Integer">
        select count(*)
        from tb_comment  where  activity_id = #{actId}

    </select>

    <delete id="deleteCommentByActId" parameterType="java.lang.Integer">
        delete from tb_comment
        where activity_id = #{id}
    </delete>

</mapper>