<?xml version="1.0" encoding="UTF-8"?>
<beans xmlns="http://www.springframework.org/schema/beans"
       xmlns:xsi="http://www.w3.org/2001/XMLSchema-instance"
       xmlns:context="http://www.springframework.org/schema/context"
       xmlns:tx="http://www.springframework.org/schema/tx"
       xsi:schemaLocation="http://www.springframework.org/schema/beans
        http://www.springframework.org/schema/beans/spring-beans.xsd
        http://www.springframework.org/schema/context
        http://www.springframework.org/schema/context/spring-context.xsd
        http://www.springframework.org/schema/tx
        http://www.springframework.org/schema/tx/spring-tx.xsd
">

    <!--扫描properties文件里面的值-->
    <context:property-placeholder location="classpath:*.properties" />

    <!--spring来实例化连接的-->
    <bean id="dataSource"  class="com.alibaba.druid.pool.DruidDataSource" destroy-method="close">
        <property name="url" value="${jdbc.url}" />
        <property name="username" value="${jdbc.username}" />
        <property name="password" value="${jdbc.password}" />
        <property name="driverClassName" value="${jdbc.driver}" />
        <property name="maxActive" value="10" />
        <property name="minIdle" value="5" />
    </bean>
    <!--用引数据源-->
    <bean id="sqlSessionFactory" class="org.mybatis.spring.SqlSessionFactoryBean">
        <property name="dataSource" ref="dataSource" />
        <property name="mapperLocations" value="classpath:mapper/*.xml"/>
        <property name="plugins">
            <array>
                <bean class="com.github.pagehelper.PageHelper">
                    <property name="properties">
                        <value>
                            dialect=mysql
                        </value>
                    </property>
                </bean>
            </array>
        </property>
    </bean>

    <!--通用mapper的扫描包 与mybatis类似-->
    <bean class="tk.mybatis.spring.mapper.MapperScannerConfigurer">
        <property name="basePackage" value="com.yxb.dao" />
        <property name="sqlSessionFactoryBeanName" value="sqlSessionFactory" />
    </bean>


    <!--配置事务管理器-->
    <bean id="transactionManager" class="org.springframework.jdbc.datasource.DataSourceTransactionManager">
        <property name="dataSource" ref="dataSource"></property>
    </bean>
    <tx:annotation-driven transaction-manager="transactionManager" proxy-target-class="true"/>


    <context:component-scan base-package="com.yxb.service" ></context:component-scan>
</beans>