<?xml version="1.0" encoding="UTF-8"?>
<beans xmlns="http://www.springframework.org/schema/beans"
       xmlns:xsi="http://www.w3.org/2001/XMLSchema-instance"
       xmlns:rabbit="http://www.springframework.org/schema/rabbit"
       xsi:schemaLocation="http://www.springframework.org/schema/beans http://www.springframework.org/schema/beans/spring-beans.xsd
                          http://www.springframework.org/schema/rabbit http://www.springframework.org/schema/rabbit/spring-rabbit.xsd">
    <!--连接工厂-->
    <rabbit:connection-factory id="connectionFactory" host="127.0.0.1" port="5672" username="guest" password="guest" />

    <!--为了创建队列，必须要有admin-->
    <rabbit:admin connection-factory="connectionFactory"></rabbit:admin>

    <!--创建队列-->
    <rabbit:queue name="queue.activity"></rabbit:queue>

    <!--创建模板-->
    <rabbit:template id="rabbitTemplate" connection-factory="connectionFactory"></rabbit:template>
<!--    &lt;!&ndash;消费者监听类&ndash;&gt;-->
<!--&lt;!&ndash;    <bean id="messageConsumer" class="com.qingcheng.consumer.SmsMessageConsumer"></bean>&ndash;&gt;-->
<!--    &lt;!&ndash;设置监听容器&ndash;&gt;-->
<!--    <rabbit:listener-container connection-factory="connectionFactory" >-->
<!--        <rabbit:listener queue-names="queue.sms" ref="messageConsumer"/>-->
<!--    </rabbit:listener-container>-->


</beans>