<?xml version="1.0" encoding="UTF-8"?>
<beans xmlns="http://www.springframework.org/schema/beans"
       xmlns:xsi="http://www.w3.org/2001/XMLSchema-instance"
       xmlns:context="http://www.springframework.org/schema/context"
       xmlns:mvc="http://www.springframework.org/schema/mvc"
       xmlns:task="http://www.springframework.org/schema/task"
       xsi:schemaLocation="http://www.springframework.org/schema/beans
        http://www.springframework.org/schema/beans/spring-beans.xsd
        http://www.springframework.org/schema/context
        http://www.springframework.org/schema/context/spring-context.xsd
        http://www.springframework.org/schema/mvc
        http://www.springframework.org/schema/mvc/spring-mvc.xsd http://www.springframework.org/schema/task
        http://www.springframework.org/schema/task/spring-task.xsd">



    <!--开启任务调度（定时任务）-->
    <task:annotation-driven></task:annotation-driven>


    <!--拦截器-->
    <mvc:interceptors>
        <mvc:interceptor>
            <mvc:mapping path="/**"/>
            <mvc:exclude-mapping path="/login/login" />
            <mvc:exclude-mapping path="/login/register" />
            <mvc:exclude-mapping path="/activity/findPage" />
            <mvc:exclude-mapping path="/activity/selByOrderCount" />
            <mvc:exclude-mapping path="/activity/selByTime" />
            <mvc:exclude-mapping path="/activity/selectByPublicActUser" />
            <mvc:exclude-mapping path="/activityUser/selectUser" />
            <mvc:exclude-mapping path="/comment/selCommentCount" />
            <mvc:exclude-mapping path="/comment/selByActId" />
            <mvc:exclude-mapping path="/category/findAll" />
            <bean class="com.yxb.interceptor.JWTInterceptor" />
        </mvc:interceptor>
    </mvc:interceptors>




    <!--springmvc html配置视图解析器-->
    <bean id="freemarkerConfig" class="org.springframework.web.servlet.view.freemarker.FreeMarkerConfigurer">
        <property name="templateLoaderPath" value="/WEB-INF/template/" />
    </bean>


    <bean id="htmlviewResolver" class="org.springframework.web.servlet.view.freemarker.FreeMarkerViewResolver">
        <property name="suffix" value=".html" />
        <property name="order" value="0"></property>
        <property name="contentType" value="text/html;charset=UTF-8"></property>
    </bean>

    <!--放行静态文件-->
    <mvc:resources location="/static/" mapping="/static/**"/>




    <bean id="multipartResolver" class="org.springframework.web.multipart.commons.CommonsMultipartResolver">
        <property name="maxUploadSize" value="104857600" />
        <property name="maxInMemorySize" value="4096" />
        <property name="defaultEncoding" value="UTF-8"></property>
    </bean>

    <!--阿里云OSS 文件上传的  -->
    <bean id="ossClient" class="com.aliyun.oss.OSSClient">
        <constructor-arg index="0" value="oss-cn-shenzhen.aliyuncs.com"></constructor-arg>
        <constructor-arg index="1" value="LTAI4FqPMWR9CXSuaaA53Cmn"></constructor-arg>
        <constructor-arg index="2" value="lWsX5H6yHsBWuxCYFgJUeD0851lkhj"></constructor-arg>
    </bean>


<!--springmvc注解启动-->
<!--启动注解-->
<context:component-scan base-package="com.yxb"></context:component-scan>
<!--加入注解扫描-->
<mvc:annotation-driven></mvc:annotation-driven>


</beans>